#{"t_start": 1720351949.252433, "env_id": "MountainCarContinuous-v0"}
r,l,t
-1.536989,999,44.320816
-6.205868,999,86.825428
88.354325,817,121.866876
